{
  "project_info": {
    "project_number": "524472819685",
    "project_id": "estado-4f7c3",
    "storage_bucket": "estado-4f7c3.appspot.com"
  },
  "client": [
    {
      "client_info": {
        "mobilesdk_app_id": "1:524472819685:android:620b06c05558c8ea2d190c",
        "android_client_info": {
          "package_name": "com.inicio"
        }
      },
      "oauth_client": [
        {
          "client_id": "524472819685-hgcs6midgbqpdemq1oal598954oqeg4b.apps.googleusercontent.com",
          "client_type": 3
        }
      ],
      "api_key": [
        {
          "current_key": "AIzaSyDu86XoG3QahUwXV91YkRgcGLvYaDXBSmU"
        }
      ],
      "services": {
        "appinvite_service": {
          "other_platform_oauth_client": [
            {
              "client_id": "524472819685-hgcs6midgbqpdemq1oal598954oqeg4b.apps.googleusercontent.com",
              "client_type": 3
            }
          ]
        }
      }
    }
  ],
  "configuration_version": "1"
}